,Education,EducationField
0,2,Life Sciences
1,1,Life Sciences
2,2,Other
3,4,Life Sciences
4,1,Medical
5,2,Life Sciences
6,3,Medical
7,1,Life Sciences
8,3,Life Sciences
9,3,Medical
10,3,Medical
11,2,Life Sciences
12,1,Life Sciences
13,2,Medical
14,3,Life Sciences
15,4,Life Sciences
16,2,Life Sciences
17,2,Medical
18,4,Life Sciences
19,3,Life Sciences
20,2,Other
21,4,Life Sciences
22,4,Life Sciences
23,2,Life Sciences
24,1,Medical
25,3,Other
26,1,Life Sciences
27,4,Marketing
28,4,Medical
29,4,Marketing
30,3,Medical
31,4,Other
32,2,Medical
33,3,Technical Degree
34,3,Medical
35,2,Medical
36,2,Marketing
37,3,Marketing
38,4,Life Sciences
39,3,Life Sciences
40,2,Other
41,4,Life Sciences
42,3,Life Sciences
43,3,Life Sciences
44,2,Medical
45,3,Technical Degree
46,4,Marketing
47,2,Life Sciences
48,4,Marketing
49,1,Life Sciences
50,2,Life Sciences
51,4,Technical Degree
52,5,Marketing
53,2,Medical
54,3,Marketing
55,2,Life Sciences
56,5,Life Sciences
57,4,Medical
58,4,Life Sciences
59,4,Life Sciences
60,3,Medical
61,5,Life Sciences
62,2,Medical
63,3,Life Sciences
64,3,Technical Degree
65,3,Medical
66,3,Life Sciences
67,3,Life Sciences
68,3,Medical
69,3,Medical
70,1,Life Sciences
71,3,Life Sciences
72,4,Medical
73,3,Life Sciences
74,3,Life Sciences
75,4,Life Sciences
76,4,Marketing
77,4,Other
78,4,Medical
79,2,Medical
80,1,Life Sciences
81,3,Medical
82,2,Life Sciences
83,3,Medical
84,2,Medical
85,3,Life Sciences
86,1,Technical Degree
87,4,Life Sciences
88,3,Life Sciences
89,2,Medical
90,4,Life Sciences
91,4,Marketing
92,2,Medical
93,3,Medical
94,4,Medical
95,4,Technical Degree
96,2,Other
97,3,Medical
98,4,Medical
99,3,Medical
100,4,Human Resources
101,1,Life Sciences
102,3,Life Sciences
103,4,Other
104,2,Life Sciences
105,4,Human Resources
106,3,Life Sciences
107,3,Marketing
108,1,Medical
109,3,Medical
110,4,Medical
111,3,Life Sciences
112,3,Human Resources
113,1,Life Sciences
114,4,Life Sciences
115,3,Life Sciences
116,3,Medical
117,2,Technical Degree
118,2,Life Sciences
119,2,Life Sciences
120,3,Life Sciences
121,2,Marketing
122,4,Life Sciences
123,3,Life Sciences
124,4,Life Sciences
125,3,Other
126,4,Medical
127,1,Marketing
128,1,Technical Degree
129,4,Medical
130,3,Medical
131,3,Marketing
132,3,Life Sciences
133,1,Life Sciences
134,1,Life Sciences
135,2,Medical
136,4,Life Sciences
137,4,Life Sciences
138,3,Life Sciences
139,3,Human Resources
140,3,Medical
141,3,Medical
142,5,Technical Degree
143,3,Life Sciences
144,2,Medical
145,3,Technical Degree
146,1,Medical
147,3,Life Sciences
148,4,Life Sciences
149,1,Medical
150,3,Medical
151,5,Marketing
152,2,Marketing
153,3,Life Sciences
154,3,Marketing
155,1,Technical Degree
156,4,Medical
157,3,Medical
158,4,Marketing
159,4,Marketing
160,1,Medical
161,3,Medical
162,3,Medical
163,2,Life Sciences
164,3,Medical
165,3,Life Sciences
166,3,Life Sciences
167,3,Life Sciences
168,4,Life Sciences
169,5,Life Sciences
170,3,Technical Degree
171,1,Technical Degree
172,2,Medical
173,3,Medical
174,2,Life Sciences
175,3,Life Sciences
176,3,Life Sciences
177,3,Life Sciences
178,2,Marketing
179,2,Life Sciences
180,1,Medical
181,2,Medical
182,2,Marketing
183,3,Medical
184,2,Medical
185,3,Medical
186,1,Medical
187,4,Medical
188,1,Life Sciences
189,3,Medical
190,4,Life Sciences
191,3,Medical
192,2,Life Sciences
193,3,Medical
194,2,Medical
195,3,Life Sciences
196,3,Medical
197,2,Medical
198,4,Life Sciences
199,3,Technical Degree
200,1,Technical Degree
201,4,Life Sciences
202,4,Medical
203,2,Medical
204,1,Medical
205,3,Marketing
206,3,Life Sciences
207,1,Medical
208,5,Life Sciences
209,4,Medical
210,4,Medical
211,1,Life Sciences
212,3,Life Sciences
213,4,Life Sciences
214,3,Technical Degree
215,3,Life Sciences
216,4,Marketing
217,3,Technical Degree
218,3,Medical
219,3,Marketing
220,2,Life Sciences
221,4,Medical
222,3,Other
223,3,Life Sciences
224,4,Medical
225,3,Life Sciences
226,4,Marketing
227,1,Medical
228,3,Marketing
229,1,Medical
230,3,Life Sciences
231,2,Technical Degree
232,2,Medical
233,4,Medical
234,3,Medical
235,3,Marketing
236,2,Life Sciences
237,4,Life Sciences
238,2,Life Sciences
239,3,Life Sciences
240,4,Medical
241,4,Marketing
242,2,Life Sciences
243,2,Technical Degree
244,3,Other
245,4,Medical
246,4,Life Sciences
247,4,Life Sciences
248,2,Medical
249,4,Life Sciences
250,3,Medical
251,4,Technical Degree
252,3,Life Sciences
253,2,Life Sciences
254,2,Marketing
255,3,Life Sciences
256,3,Medical
257,2,Medical
258,3,Life Sciences
259,2,Medical
260,3,Life Sciences
261,2,Life Sciences
262,1,Technical Degree
263,3,Technical Degree
264,4,Life Sciences
265,3,Medical
266,3,Medical
267,2,Life Sciences
268,2,Medical
269,3,Life Sciences
270,3,Medical
271,4,Life Sciences
272,3,Medical
273,4,Medical
274,2,Medical
275,4,Medical
276,3,Life Sciences
277,2,Medical
278,3,Life Sciences
279,1,Life Sciences
280,4,Medical
281,1,Life Sciences
282,2,Life Sciences
283,2,Technical Degree
284,2,Medical
285,3,Life Sciences
286,3,Life Sciences
287,4,Life Sciences
288,4,Medical
289,2,Life Sciences
290,4,Life Sciences
291,3,Technical Degree
292,3,Marketing
293,4,Marketing
294,3,Medical
295,3,Marketing
296,3,Life Sciences
297,3,Marketing
298,4,Life Sciences
299,3,Medical
300,4,Life Sciences
301,3,Medical
302,2,Medical
303,3,Technical Degree
304,3,Medical
305,4,Life Sciences
306,3,Life Sciences
307,2,Life Sciences
308,4,Life Sciences
309,4,Technical Degree
310,3,Human Resources
311,3,Life Sciences
312,4,Life Sciences
313,4,Life Sciences
314,1,Medical
315,4,Life Sciences
316,2,Technical Degree
317,4,Medical
318,3,Life Sciences
319,2,Technical Degree
320,3,Life Sciences
321,3,Marketing
322,4,Medical
323,4,Medical
324,2,Medical
325,2,Life Sciences
326,2,Medical
327,2,Medical
328,3,Marketing
329,5,Life Sciences
330,4,Life Sciences
331,1,Marketing
332,4,Life Sciences
333,3,Life Sciences
334,4,Other
335,2,Medical
336,4,Other
337,5,Other
338,3,Marketing
339,4,Marketing
340,2,Medical
341,2,Life Sciences
342,4,Medical
343,1,Marketing
344,4,Technical Degree
345,1,Life Sciences
346,3,Medical
347,1,Medical
348,5,Life Sciences
349,3,Life Sciences
350,1,Technical Degree
351,3,Medical
352,1,Medical
353,3,Medical
354,2,Technical Degree
355,3,Life Sciences
356,4,Other
357,1,Technical Degree
358,5,Medical
359,4,Medical
360,4,Medical
361,4,Life Sciences
362,2,Medical
363,3,Marketing
364,3,Medical
365,4,Medical
366,3,Marketing
367,3,Technical Degree
368,2,Marketing
369,4,Life Sciences
370,3,Life Sciences
371,3,Life Sciences
372,4,Life Sciences
373,2,Medical
374,4,Life Sciences
375,3,Other
376,2,Life Sciences
377,3,Life Sciences
378,3,Marketing
379,3,Life Sciences
380,4,Marketing
381,1,Technical Degree
382,1,Technical Degree
383,3,Medical
384,2,Medical
385,3,Technical Degree
386,3,Life Sciences
387,2,Marketing
388,4,Life Sciences
389,4,Life Sciences
390,3,Life Sciences
391,3,Medical
392,2,Medical
393,4,Marketing
394,2,Medical
395,3,Medical
396,4,Other
397,2,Life Sciences
398,5,Medical
399,2,Life Sciences
400,1,Life Sciences
401,3,Life Sciences
402,3,Technical Degree
403,3,Marketing
404,2,Medical
405,3,Medical
406,3,Medical
407,2,Life Sciences
408,2,Life Sciences
409,2,Life Sciences
410,3,Life Sciences
411,3,Life Sciences
412,3,Medical
413,4,Technical Degree
414,1,Technical Degree
415,2,Marketing
416,2,Life Sciences
417,4,Life Sciences
418,3,Life Sciences
419,3,Life Sciences
420,4,Medical
421,5,Technical Degree
422,2,Technical Degree
423,4,Other
424,3,Marketing
425,4,Life Sciences
426,3,Medical
427,3,Marketing
428,2,Medical
429,3,Life Sciences
430,3,Life Sciences
431,4,Life Sciences
432,4,Life Sciences
433,3,Marketing
434,1,Life Sciences
435,1,Medical
436,1,Medical
437,1,Marketing
438,3,Life Sciences
439,3,Life Sciences
440,3,Human Resources
441,2,Other
442,4,Medical
443,1,Technical Degree
444,5,Marketing
445,5,Life Sciences
446,2,Life Sciences
447,3,Marketing
448,3,Life Sciences
449,1,Life Sciences
450,1,Life Sciences
451,3,Medical
452,3,Other
453,4,Life Sciences
454,3,Technical Degree
455,5,Medical
456,3,Life Sciences
457,3,Marketing
458,3,Other
459,4,Other
460,2,Medical
461,3,Medical
462,4,Life Sciences
463,3,Technical Degree
464,3,Technical Degree
465,1,Medical
466,5,Life Sciences
467,4,Medical
468,2,Technical Degree
469,4,Other
470,3,Medical
471,3,Medical
472,4,Life Sciences
473,4,Life Sciences
474,3,Medical
475,2,Marketing
476,2,Other
477,3,Medical
478,1,Medical
479,3,Life Sciences
480,4,Life Sciences
481,2,Life Sciences
482,4,Medical
483,2,Other
484,4,Medical
485,4,Medical
486,3,Marketing
487,3,Life Sciences
488,4,Life Sciences
489,4,Other
490,1,Life Sciences
491,5,Medical
492,4,Life Sciences
493,4,Life Sciences
494,3,Technical Degree
495,1,Marketing
496,1,Technical Degree
497,4,Other
498,1,Medical
499,4,Marketing
500,4,Life Sciences
501,3,Medical
502,1,Medical
503,5,Life Sciences
504,4,Life Sciences
505,3,Life Sciences
506,3,Other
507,2,Medical
508,4,Life Sciences
509,3,Life Sciences
510,4,Medical
511,2,Medical
512,4,Medical
513,1,Medical
514,3,Life Sciences
515,3,Life Sciences
516,3,Medical
517,3,Life Sciences
518,4,Marketing
519,4,Life Sciences
520,1,Marketing
521,1,Medical
522,2,Life Sciences
523,1,Medical
524,3,Medical
525,2,Life Sciences
526,4,Technical Degree
527,3,Marketing
528,2,Technical Degree
529,4,Life Sciences
530,2,Life Sciences
531,2,Life Sciences
532,4,Marketing
533,4,Life Sciences
534,3,Life Sciences
535,4,Human Resources
536,4,Marketing
537,2,Life Sciences
538,3,Human Resources
539,4,Marketing
540,2,Life Sciences
541,3,Life Sciences
542,3,Life Sciences
543,3,Medical
544,3,Medical
545,5,Marketing
546,3,Life Sciences
547,3,Medical
548,3,Life Sciences
549,2,Medical
550,1,Medical
551,3,Human Resources
552,3,Medical
553,1,Medical
554,3,Medical
555,3,Marketing
556,3,Life Sciences
557,4,Life Sciences
558,4,Life Sciences
559,5,Medical
560,5,Life Sciences
561,4,Marketing
562,4,Other
563,1,Medical
564,2,Technical Degree
565,1,Medical
566,2,Life Sciences
567,3,Other
568,3,Medical
569,4,Life Sciences
570,4,Medical
571,2,Life Sciences
572,3,Medical
573,3,Technical Degree
574,4,Life Sciences
575,4,Medical
576,1,Marketing
577,1,Life Sciences
578,4,Life Sciences
579,4,Medical
580,4,Life Sciences
581,3,Life Sciences
582,2,Medical
583,2,Life Sciences
584,3,Life Sciences
585,3,Life Sciences
586,3,Life Sciences
587,4,Life Sciences
588,3,Medical
589,2,Life Sciences
590,3,Medical
591,3,Marketing
592,2,Other
593,3,Other
594,2,Life Sciences
595,4,Life Sciences
596,4,Life Sciences
597,2,Life Sciences
598,4,Medical
599,3,Human Resources
600,3,Life Sciences
601,4,Medical
602,3,Medical
603,3,Life Sciences
604,3,Life Sciences
605,3,Life Sciences
606,4,Life Sciences
607,3,Marketing
608,1,Medical
609,2,Life Sciences
610,1,Technical Degree
611,3,Other
612,4,Marketing
613,2,Human Resources
614,2,Medical
615,3,Medical
616,4,Marketing
617,3,Medical
618,1,Medical
619,3,Medical
620,1,Medical
621,2,Life Sciences
622,4,Life Sciences
623,4,Life Sciences
624,2,Marketing
625,3,Marketing
626,2,Medical
627,4,Medical
628,4,Marketing
629,2,Medical
630,2,Life Sciences
631,4,Life Sciences
632,1,Medical
633,3,Life Sciences
634,1,Other
635,3,Life Sciences
636,4,Life Sciences
637,3,Life Sciences
638,1,Marketing
639,3,Technical Degree
640,1,Life Sciences
641,2,Life Sciences
642,3,Marketing
643,3,Life Sciences
644,4,Life Sciences
645,3,Medical
646,3,Marketing
647,3,Technical Degree
648,2,Medical
649,4,Life Sciences
650,3,Life Sciences
651,2,Marketing
652,2,Medical
653,4,Life Sciences
654,3,Life Sciences
655,2,Human Resources
656,4,Life Sciences
657,1,Medical
658,2,Life Sciences
659,4,Medical
660,1,Life Sciences
661,3,Life Sciences
662,3,Medical
663,1,Other
664,1,Life Sciences
665,4,Life Sciences
666,1,Life Sciences
667,4,Life Sciences
668,3,Medical
669,3,Medical
670,3,Life Sciences
671,3,Life Sciences
672,2,Medical
673,4,Other
674,3,Technical Degree
675,4,Life Sciences
676,1,Life Sciences
677,2,Other
678,4,Medical
679,2,Marketing
680,4,Other
681,3,Technical Degree
682,3,Life Sciences
683,2,Marketing
684,4,Marketing
685,3,Medical
686,3,Medical
687,4,Medical
688,3,Other
689,3,Technical Degree
690,3,Medical
691,4,Medical
692,4,Medical
693,1,Life Sciences
694,3,Life Sciences
695,4,Life Sciences
696,2,Life Sciences
697,3,Technical Degree
698,3,Medical
699,2,Life Sciences
700,3,Technical Degree
701,2,Medical
702,2,Other
703,3,Technical Degree
704,4,Life Sciences
705,5,Life Sciences
706,3,Life Sciences
707,4,Medical
708,4,Technical Degree
709,2,Medical
710,3,Life Sciences
711,3,Life Sciences
712,1,Life Sciences
713,4,Medical
714,2,Medical
715,4,Other
716,3,Medical
717,4,Technical Degree
718,2,Life Sciences
719,2,Life Sciences
720,3,Life Sciences
721,3,Life Sciences
722,1,Medical
723,2,Medical
724,1,Medical
725,4,Other
726,1,Life Sciences
727,2,Life Sciences
728,3,Technical Degree
729,4,Medical
730,2,Life Sciences
731,3,Medical
732,3,Medical
733,2,Medical
734,1,Life Sciences
735,3,Life Sciences
736,4,Life Sciences
737,2,Medical
738,1,Life Sciences
739,4,Life Sciences
740,3,Other
741,2,Marketing
742,3,Life Sciences
743,3,Life Sciences
744,2,Medical
745,4,Medical
746,1,Life Sciences
747,4,Life Sciences
748,2,Medical
749,1,Marketing
750,3,Medical
751,3,Life Sciences
752,4,Life Sciences
753,3,Medical
754,1,Life Sciences
755,2,Life Sciences
756,4,Medical
757,4,Marketing
758,2,Technical Degree
759,4,Medical
760,3,Marketing
761,3,Other
762,3,Life Sciences
763,4,Life Sciences
764,1,Medical
765,4,Other
766,4,Medical
767,3,Other
768,3,Marketing
769,1,Medical
770,4,Medical
771,4,Life Sciences
772,3,Medical
773,5,Medical
774,1,Medical
775,3,Medical
776,3,Marketing
777,3,Life Sciences
778,4,Life Sciences
779,4,Life Sciences
780,2,Technical Degree
781,2,Medical
782,3,Other
783,2,Technical Degree
784,1,Life Sciences
785,4,Technical Degree
786,5,Life Sciences
787,1,Life Sciences
788,3,Other
789,2,Medical
790,3,Life Sciences
791,3,Technical Degree
792,4,Medical
793,2,Life Sciences
794,1,Life Sciences
795,4,Life Sciences
796,1,Technical Degree
797,3,Medical
798,3,Medical
799,2,Medical
800,3,Medical
801,4,Other
802,3,Life Sciences
803,4,Life Sciences
804,4,Medical
805,4,Life Sciences
806,4,Life Sciences
807,4,Marketing
808,4,Life Sciences
809,3,Medical
810,1,Marketing
811,2,Marketing
812,3,Life Sciences
813,3,Life Sciences
814,3,Medical
815,1,Technical Degree
816,3,Life Sciences
817,4,Life Sciences
818,3,Life Sciences
819,1,Life Sciences
820,2,Marketing
821,4,Technical Degree
822,2,Life Sciences
823,3,Life Sciences
824,3,Medical
825,1,Medical
826,3,Human Resources
827,3,Life Sciences
828,1,Medical
829,4,Marketing
830,4,Life Sciences
831,3,Medical
832,2,Medical
833,3,Life Sciences
834,1,Life Sciences
835,4,Technical Degree
836,1,Life Sciences
837,4,Medical
838,3,Life Sciences
839,4,Marketing
840,4,Medical
841,3,Medical
842,1,Life Sciences
843,4,Medical
844,3,Marketing
845,2,Medical
846,3,Life Sciences
847,3,Medical
848,4,Other
849,3,Marketing
850,1,Life Sciences
851,4,Technical Degree
852,1,Medical
853,2,Life Sciences
854,3,Medical
855,3,Life Sciences
856,3,Life Sciences
857,4,Life Sciences
858,2,Medical
859,1,Life Sciences
860,4,Life Sciences
861,3,Marketing
862,3,Life Sciences
863,3,Human Resources
864,2,Life Sciences
865,4,Life Sciences
866,4,Medical
867,3,Medical
868,4,Medical
869,2,Life Sciences
870,4,Life Sciences
871,2,Life Sciences
872,3,Medical
873,4,Life Sciences
874,4,Life Sciences
875,4,Other
876,3,Marketing
877,4,Technical Degree
878,5,Medical
879,4,Marketing
880,3,Other
881,2,Life Sciences
882,3,Technical Degree
883,3,Medical
884,3,Technical Degree
885,4,Life Sciences
886,3,Medical
887,5,Medical
888,2,Marketing
889,3,Life Sciences
890,4,Life Sciences
891,1,Life Sciences
892,3,Medical
893,3,Life Sciences
894,3,Life Sciences
895,2,Medical
896,3,Medical
897,3,Life Sciences
898,3,Life Sciences
899,2,Medical
900,3,Technical Degree
901,2,Technical Degree
902,2,Life Sciences
903,3,Life Sciences
904,3,Life Sciences
905,3,Life Sciences
906,3,Technical Degree
907,3,Marketing
908,5,Marketing
909,3,Life Sciences
910,2,Life Sciences
911,1,Life Sciences
912,2,Life Sciences
913,3,Marketing
914,1,Medical
915,2,Life Sciences
916,2,Marketing
917,3,Marketing
918,3,Life Sciences
919,4,Medical
920,3,Medical
921,4,Medical
922,2,Life Sciences
923,3,Life Sciences
924,1,Life Sciences
925,4,Medical
926,4,Marketing
927,4,Life Sciences
928,3,Medical
929,3,Life Sciences
930,2,Medical
931,2,Medical
932,3,Technical Degree
933,3,Technical Degree
934,3,Medical
935,3,Medical
936,3,Medical
937,4,Medical
938,4,Life Sciences
939,2,Life Sciences
940,3,Medical
941,3,Technical Degree
942,4,Technical Degree
943,2,Life Sciences
944,3,Life Sciences
945,3,Life Sciences
946,4,Marketing
947,3,Life Sciences
948,4,Medical
949,2,Life Sciences
950,4,Life Sciences
951,2,Medical
952,3,Life Sciences
953,3,Life Sciences
954,1,Life Sciences
955,2,Medical
956,4,Life Sciences
957,2,Life Sciences
958,3,Life Sciences
959,3,Life Sciences
960,3,Marketing
961,4,Life Sciences
962,3,Life Sciences
963,2,Life Sciences
964,2,Medical
965,1,Medical
966,4,Medical
967,4,Life Sciences
968,3,Marketing
969,3,Life Sciences
970,3,Medical
971,2,Technical Degree
972,3,Life Sciences
973,3,Medical
974,1,Life Sciences
975,4,Marketing
976,3,Life Sciences
977,1,Technical Degree
978,1,Medical
979,3,Medical
980,3,Life Sciences
981,4,Marketing
982,3,Life Sciences
983,4,Technical Degree
984,3,Life Sciences
985,4,Medical
986,4,Life Sciences
987,3,Marketing
988,3,Life Sciences
989,1,Life Sciences
990,1,Life Sciences
991,1,Marketing
992,2,Life Sciences
993,1,Life Sciences
994,2,Medical
995,3,Medical
996,3,Marketing
997,4,Life Sciences
998,1,Medical
999,3,Human Resources
1000,4,Other
1001,3,Medical
1002,2,Life Sciences
1003,3,Technical Degree
1004,3,Other
1005,3,Other
1006,2,Life Sciences
1007,1,Other
1008,3,Medical
1009,3,Medical
1010,4,Medical
1011,4,Marketing
1012,4,Life Sciences
1013,4,Marketing
1014,5,Life Sciences
1015,4,Other
1016,3,Life Sciences
1017,1,Life Sciences
1018,4,Life Sciences
1019,4,Marketing
1020,3,Technical Degree
1021,2,Life Sciences
1022,2,Technical Degree
1023,2,Life Sciences
1024,4,Medical
1025,1,Medical
1026,5,Marketing
1027,3,Life Sciences
1028,5,Medical
1029,4,Other
1030,2,Life Sciences
1031,3,Marketing
1032,3,Life Sciences
1033,5,Life Sciences
1034,3,Medical
1035,2,Medical
1036,3,Life Sciences
1037,3,Technical Degree
1038,3,Marketing
1039,4,Technical Degree
1040,1,Medical
1041,3,Medical
1042,3,Life Sciences
1043,3,Medical
1044,4,Technical Degree
1045,3,Medical
1046,3,Life Sciences
1047,3,Medical
1048,3,Other
1049,1,Life Sciences
1050,2,Medical
1051,5,Marketing
1052,3,Technical Degree
1053,2,Life Sciences
1054,4,Life Sciences
1055,3,Medical
1056,3,Technical Degree
1057,3,Technical Degree
1058,4,Medical
1059,1,Life Sciences
1060,3,Medical
1061,2,Life Sciences
1062,1,Medical
1063,3,Life Sciences
1064,3,Life Sciences
1065,4,Life Sciences
1066,4,Medical
1067,3,Medical
1068,2,Medical
1069,3,Life Sciences
1070,3,Life Sciences
1071,2,Medical
1072,1,Life Sciences
1073,1,Life Sciences
1074,5,Life Sciences
1075,3,Medical
1076,4,Medical
1077,4,Technical Degree
1078,3,Life Sciences
1079,3,Life Sciences
1080,3,Life Sciences
1081,3,Life Sciences
1082,1,Life Sciences
1083,4,Life Sciences
1084,3,Technical Degree
1085,3,Life Sciences
1086,5,Medical
1087,2,Technical Degree
1088,3,Medical
1089,3,Medical
1090,1,Other
1091,3,Life Sciences
1092,3,Technical Degree
1093,3,Life Sciences
1094,2,Medical
1095,4,Life Sciences
1096,2,Medical
1097,2,Technical Degree
1098,2,Life Sciences
1099,4,Technical Degree
1100,4,Life Sciences
1101,2,Life Sciences
1102,4,Life Sciences
1103,4,Life Sciences
1104,3,Life Sciences
1105,4,Life Sciences
1106,3,Life Sciences
1107,4,Human Resources
1108,3,Medical
1109,4,Technical Degree
1110,3,Life Sciences
1111,5,Technical Degree
1112,3,Medical
1113,4,Technical Degree
1114,4,Other
1115,4,Medical
1116,5,Marketing
1117,4,Life Sciences
1118,3,Life Sciences
1119,3,Life Sciences
1120,3,Life Sciences
1121,4,Life Sciences
1122,1,Medical
1123,4,Medical
1124,3,Medical
1125,1,Life Sciences
1126,3,Marketing
1127,3,Technical Degree
1128,4,Life Sciences
1129,2,Other
1130,3,Life Sciences
1131,4,Technical Degree
1132,2,Life Sciences
1133,3,Technical Degree
1134,2,Life Sciences
1135,4,Life Sciences
1136,3,Medical
1137,2,Other
1138,5,Medical
1139,4,Other
1140,3,Medical
1141,3,Medical
1142,5,Medical
1143,3,Marketing
1144,4,Other
1145,4,Life Sciences
1146,4,Life Sciences
1147,4,Life Sciences
1148,5,Medical
1149,3,Other
1150,5,Life Sciences
1151,3,Medical
1152,1,Medical
1153,2,Medical
1154,4,Life Sciences
1155,2,Medical
1156,3,Life Sciences
1157,4,Life Sciences
1158,3,Life Sciences
1159,3,Medical
1160,2,Other
1161,2,Medical
1162,3,Medical
1163,3,Medical
1164,3,Life Sciences
1165,5,Human Resources
1166,5,Medical
1167,2,Medical
1168,1,Technical Degree
1169,3,Medical
1170,3,Medical
1171,3,Life Sciences
1172,3,Medical
1173,4,Life Sciences
1174,1,Life Sciences
1175,3,Medical
1176,4,Other
1177,5,Life Sciences
1178,3,Medical
1179,3,Life Sciences
1180,3,Life Sciences
1181,1,Life Sciences
1182,4,Medical
1183,2,Life Sciences
1184,5,Medical
1185,2,Life Sciences
1186,4,Other
1187,3,Life Sciences
1188,3,Medical
1189,4,Medical
1190,3,Medical
1191,4,Life Sciences
1192,3,Medical
1193,3,Medical
1194,4,Life Sciences
1195,3,Life Sciences
1196,2,Life Sciences
1197,1,Life Sciences
1198,3,Life Sciences
1199,4,Life Sciences
1200,3,Life Sciences
1201,1,Medical
1202,2,Medical
1203,4,Medical
1204,2,Medical
1205,4,Life Sciences
1206,3,Medical
1207,3,Technical Degree
1208,2,Medical
1209,4,Medical
1210,3,Medical
1211,4,Medical
1212,3,Life Sciences
1213,3,Life Sciences
1214,3,Life Sciences
1215,4,Medical
1216,3,Medical
1217,3,Medical
1218,3,Marketing
1219,4,Medical
1220,4,Life Sciences
1221,1,Life Sciences
1222,1,Human Resources
1223,3,Life Sciences
1224,4,Medical
1225,2,Technical Degree
1226,3,Life Sciences
1227,4,Life Sciences
1228,3,Human Resources
1229,2,Life Sciences
1230,1,Medical
1231,4,Life Sciences
1232,4,Life Sciences
1233,1,Life Sciences
1234,4,Marketing
1235,3,Life Sciences
1236,5,Marketing
1237,2,Life Sciences
1238,1,Medical
1239,1,Technical Degree
1240,3,Life Sciences
1241,3,Life Sciences
1242,4,Medical
1243,3,Life Sciences
1244,4,Technical Degree
1245,3,Medical
1246,3,Human Resources
1247,3,Technical Degree
1248,3,Medical
1249,3,Marketing
1250,3,Life Sciences
1251,2,Marketing
1252,4,Medical
1253,3,Marketing
1254,4,Marketing
1255,3,Life Sciences
1256,2,Medical
1257,4,Marketing
1258,3,Technical Degree
1259,3,Life Sciences
1260,4,Technical Degree
1261,3,Medical
1262,3,Technical Degree
1263,3,Medical
1264,3,Medical
1265,3,Technical Degree
1266,4,Life Sciences
1267,3,Life Sciences
1268,4,Medical
1269,3,Life Sciences
1270,2,Life Sciences
1271,1,Marketing
1272,2,Other
1273,1,Medical
1274,4,Marketing
1275,3,Technical Degree
1276,2,Marketing
1277,4,Medical
1278,3,Life Sciences
1279,2,Medical
1280,2,Other
1281,3,Life Sciences
1282,4,Life Sciences
1283,3,Life Sciences
1284,1,Medical
1285,2,Life Sciences
1286,2,Life Sciences
1287,3,Medical
1288,2,Medical
1289,3,Human Resources
1290,4,Life Sciences
1291,4,Medical
1292,3,Life Sciences
1293,3,Life Sciences
1294,3,Life Sciences
1295,1,Marketing
1296,3,Medical
1297,2,Medical
1298,2,Medical
1299,3,Life Sciences
1300,2,Technical Degree
1301,3,Medical
1302,4,Medical
1303,3,Life Sciences
1304,3,Life Sciences
1305,4,Medical
1306,4,Marketing
1307,3,Medical
1308,4,Marketing
1309,3,Medical
1310,4,Life Sciences
1311,3,Medical
1312,5,Human Resources
1313,3,Human Resources
1314,4,Life Sciences
1315,4,Other
1316,4,Life Sciences
1317,2,Life Sciences
1318,1,Medical
1319,4,Marketing
1320,4,Technical Degree
1321,4,Life Sciences
1322,2,Life Sciences
1323,2,Life Sciences
1324,1,Life Sciences
1325,3,Life Sciences
1326,4,Marketing
1327,3,Technical Degree
1328,1,Medical
1329,1,Medical
1330,3,Medical
1331,3,Life Sciences
1332,2,Life Sciences
1333,3,Life Sciences
1334,3,Life Sciences
1335,4,Other
1336,4,Technical Degree
1337,3,Medical
1338,3,Medical
1339,1,Life Sciences
1340,4,Technical Degree
1341,3,Life Sciences
1342,3,Life Sciences
1343,3,Life Sciences
1344,4,Medical
1345,2,Other
1346,2,Life Sciences
1347,1,Human Resources
1348,4,Life Sciences
1349,2,Life Sciences
1350,2,Medical
1351,3,Medical
1352,4,Life Sciences
1353,4,Technical Degree
1354,2,Life Sciences
1355,2,Marketing
1356,3,Marketing
1357,3,Medical
1358,2,Medical
1359,1,Medical
1360,3,Medical
1361,3,Other
1362,4,Medical
1363,4,Marketing
1364,2,Life Sciences
1365,3,Technical Degree
1366,4,Life Sciences
1367,4,Technical Degree
1368,4,Other
1369,2,Marketing
1370,4,Technical Degree
1371,5,Marketing
1372,2,Medical
1373,3,Medical
1374,3,Life Sciences
1375,2,Life Sciences
1376,2,Life Sciences
1377,1,Life Sciences
1378,4,Marketing
1379,3,Human Resources
1380,4,Medical
1381,3,Medical
1382,2,Medical
1383,4,Life Sciences
1384,3,Marketing
1385,4,Medical
1386,3,Medical
1387,3,Life Sciences
1388,4,Medical
1389,3,Life Sciences
1390,3,Technical Degree
1391,3,Life Sciences
1392,4,Life Sciences
1393,3,Marketing
1394,4,Life Sciences
1395,4,Marketing
1396,4,Life Sciences
1397,2,Life Sciences
1398,2,Life Sciences
1399,3,Life Sciences
1400,4,Other
1401,4,Human Resources
1402,1,Medical
1403,4,Marketing
1404,2,Life Sciences
1405,3,Medical
1406,3,Medical
1407,2,Life Sciences
1408,2,Other
1409,3,Technical Degree
1410,2,Marketing
1411,3,Human Resources
1412,2,Medical
1413,1,Other
1414,3,Medical
1415,2,Medical
1416,4,Life Sciences
1417,2,Life Sciences
1418,4,Life Sciences
1419,4,Life Sciences
1420,3,Life Sciences
1421,1,Medical
1422,4,Medical
1423,2,Life Sciences
1424,4,Medical
1425,2,Medical
1426,4,Life Sciences
1427,4,Life Sciences
1428,4,Medical
1429,1,Life Sciences
1430,3,Medical
1431,4,Marketing
1432,3,Life Sciences
1433,2,Other
1434,4,Life Sciences
1435,3,Medical
1436,1,Medical
1437,3,Life Sciences
1438,3,Marketing
1439,3,Medical
1440,2,Life Sciences
1441,4,Life Sciences
1442,4,Medical
1443,3,Life Sciences
1444,2,Technical Degree
1445,4,Life Sciences
1446,3,Marketing
1447,4,Marketing
1448,3,Life Sciences
1449,3,Technical Degree
1450,4,Life Sciences
1451,2,Life Sciences
1452,4,Life Sciences
1453,4,Marketing
1454,3,Life Sciences
1455,4,Life Sciences
1456,4,Life Sciences
1457,4,Medical
1458,4,Life Sciences
1459,2,Other
1460,4,Medical
1461,3,Marketing
1462,1,Marketing
1463,3,Medical
1464,3,Other
1465,2,Medical
1466,1,Medical
1467,3,Life Sciences
1468,3,Medical
1469,3,Medical
